query,user_input,retrieved_contexts,response,faithfulness,answer_relevancy,bertscore_precision,bertscore_recall,bertscore_f1
How should an organization respond to a phishing email?,How should an organization respond to a phishing email?,"['access to credit cards and bank accounts of the victim etc. Adversaries use a variety of tactics to \nmake the recipient of the email believe that they have received the phishing email from a \nlegitimate user or a legitimate domain, including: \n• Using a message-From: address that looks very close to one of the legitimate addresses \nthe user is familiar with or from someone claiming to be an authority (IT administrator,', 'NIST SP 800-177 REV. 1  TRUSTWORTHY EMAIL \n \n 22 \nThis publication is available free of charge from: https://doi.org/10.6028/NIST.SP.800-177r1 \n \nfor physical harm or for committing ﬁnancial fraud) is called phishing. From the above \ndiscussion of email bombing attacks, it should be clear that spam can sometimes be a type of \nemail bombing.  \nProtecting the email infrastructure against spam is a challenging problem. �is is due to the fact', 'NIST SP 800-177 REV. 1  TRUSTWORTHY EMAIL \n \n 28 \nThis publication is available free of charge from: https://doi.org/10.6028/NIST.SP.800-177r1 \n \nusers about what the results mean when evaluating potential phishing/spam email as well as not \nassuming positive results means they have a completely secure channel.  \n4.3 Requirements for Using Domain-based Authentication Techniques for Federal \nSystems \nAs of the time of writing of this guidance document, the DHS has called out the use of domain-']"," Guideline 1: Analyze the email's content and sender: Check for any inconsistencies in the sender's email address, message content, and links provided. Legitimate emails should always have a consistent and recognizable format.

Guideline 2: Verify before clicking: If the email contains requests for personal information or requests to click on links, do not comply without first verifying their authenticity by contacting the sender directly through a known and trusted communication channel.

Guideline 3: Educate employees: Conduct regular cybersecurity training sessions for employees to help them identify potential phishing attempts and understand safe practices when handling email communications.",0.42857142857142855,0.6709044189259973,0.82671106,0.76805615,0.796305
What technical controls can prevent phishing attacks?,What technical controls can prevent phishing attacks?,"['rewards for the perpetrator is greater. \n�e most common countermeasures used against phishing are domain-based checks such as SPF, \nDKIM and DMARC (see Section 4). More elaborate is to design anti-phishing ﬁlters that can \ndetect text commonly used in phishing emails, recovering hidden text in images, intelligent word \nrecognition – detecting cursive, hand-written, rotated or distorted texts as well as the ability to', 'social engineering attacks using email. This could include looking for and noting the presence of \ndigital signatures (S/MIME or OpenPGP), (see Section 5.3). \n \nAU-10 NON-REPUDIATION  \nControl: The information system protects against an individual (or process acting on behalf of an  \nindividual) falsely denying having performed [Assignment: organization-defined actions to be \ncovered by non-repudiation].  \nControl Enhancements:  \n(1) NON-REPUDIATION | ASSOCIATION OF IDENTIES', 'access to credit cards and bank accounts of the victim etc. Adversaries use a variety of tactics to \nmake the recipient of the email believe that they have received the phishing email from a \nlegitimate user or a legitimate domain, including: \n• Using a message-From: address that looks very close to one of the legitimate addresses \nthe user is familiar with or from someone claiming to be an authority (IT administrator,']"," Guideline 1: Implement domain-based checks such as SPF, DKIM, and DMARC to validate the authenticity of emails and prevent phishing attacks.

Guideline 2: Develop anti-phishing filters that can detect common text patterns used in phishing emails, recover hidden text in images, and recognize cursive, hand-written, rotated or distorted texts.

Guideline 3: Enable digital signatures (S/MIME or OpenPGP) to verify the authenticity of emails and prevent social engineering attacks using email. Additionally, consider implementing non-repudiation controls for associating identities with organization-defined actions.",0.6666666666666666,0.747637809191151,0.8994843,0.8200945,0.8579568
How can employees identify spear-phishing attempts?,How can employees identify spear-phishing attempts?,"['victims. Hence, they will have a generic greeting such as “Dear Member”, “Dear Customer” etc. \nA variant of phishing is spear phishing where the adversary is aware of, and speciﬁc about, the \nvictim’s proﬁle. More than a generic phishing email, a spear phishing email makes use of more \ncontextual information to make users believe that they are interacting with a legitimate source. \nFor example, a spear phishing email may appear to relate to some speciﬁc item of personal', 'access to credit cards and bank accounts of the victim etc. Adversaries use a variety of tactics to \nmake the recipient of the email believe that they have received the phishing email from a \nlegitimate user or a legitimate domain, including: \n• Using a message-From: address that looks very close to one of the legitimate addresses \nthe user is familiar with or from someone claiming to be an authority (IT administrator,', 'rewards for the perpetrator is greater. \n�e most common countermeasures used against phishing are domain-based checks such as SPF, \nDKIM and DMARC (see Section 4). More elaborate is to design anti-phishing ﬁlters that can \ndetect text commonly used in phishing emails, recovering hidden text in images, intelligent word \nrecognition – detecting cursive, hand-written, rotated or distorted texts as well as the ability to']"," Guideline 1: Be vigilant for emails that contain specific and personalized information about the recipient, such as details related to their credit cards, bank accounts, or other sensitive data.

Guideline 2: Verify the email sender's address by checking for slight inconsistencies with known legitimate addresses. Pay attention to domains and email addresses claiming to be from authorities like IT administrators.

Guideline 3: Be cautious when clicking on links or downloading attachments from unexpected emails, especially those requesting personal information or demanding urgent action. Always validate the authenticity of such requests through independent means (e.g., contacting the sender directly via known contact information).",1.0,0.366704111715664,0.8399079,0.792067,0.81528616
What is DMARC and how does it help prevent email spoofing?,What is DMARC and how does it help prevent email spoofing?,"['can verify the authenticity of their email, how the receiver can handle email that fails to verify, \nand the frequency and types of report that receivers should send back. DMARC beneﬁts \nreceivers by removing the guesswork about which security protocols are in use, allowing more \ncertainty in quarantining and rejecting inauthentic mail.  \nTo further improve authentication, DMARC adds a link between the domain of the sender with', 'quarantine or reject messages that fail both SPF and DKIM, email receivers then return DMARC \naggregate and/or failure reports of email dispositions to the domain owner, who can review the \nresults and potentially reﬁne the policy. DMARC is described in subsection 4.6. \nWhile DMARC can do a lot to curb spooﬁng and phishing (Section 3.1.6 above), it does need \ncareful conﬁguration. Intermediaries that forward mail have many legitimate reasons to rewrite', 'the receiver may mark the message as a potential spoofed email, quarantine it for further \n(possibly administrator) analysis or reject the message, depending on the SPF policy and/or the \npolicy discovered in any associated DMARC record (see subsection 4.5, below) for example.org.']"," Guideline 1: Implement DMARC (Domain-based Message Authentication, Reporting & Conformance) to enhance email authentication and reduce the risk of email spoofing.

Guideline 2: Properly configure DMARC to specify actions for emails that fail both SPF (Sender Policy Framework) and DKIM (DomainKeys Identified Mail) authenticity checks, such as quarantining or rejecting them.

Guideline 3: Regularly review DMARC aggregate and failure reports sent by email receivers to identify issues and refine the policy if needed, ensuring improved security against spoofed emails.",1.0,0.5638706603660885,0.8566593,0.815446,0.83554476
How should incident response teams handle a phishing-related data breach?,How should incident response teams handle a phishing-related data breach?,"['COMPUTER SECURITY INCIDENT HANDLING GUIDE \n63 \nAppendix E—Resources \nThe lists below provide examples of resources that may be helpful in establishing and maintaining an \nincident response capability. \nIncident Response Organizations \nOrganization URL \nAnti-Phishing Working Group (APWG) http://www.antiphishing.org/  \nComputer Crime and Intellectual Property Section (CCIPS), U.S. \nDepartment of Justice \nhttp://www.cybercrime.gov/', '\uf03c Other Incident Response Teams. An organization may experience an incident that is similar to ones \nhandled by other teams; proactively sharing information can facilitate more effective and efficient \nincident handling (e.g., providing advance warning, increasing preparedness, developing situational \nawareness). Groups such as the Forum of Incident Response and Security Teams (FIRST)11, the \nGovernment Forum of Incident Response and Security Teams (GFIRST)12, and the Anti-Phishing', 'The incident response team should safeguard incident data and restrict access to it because it often \ncontains sensitive information—for example, data on exploited vulnerabilities, recent security breaches, \nand users that may have performed inappropriate actions. For example, only authorized personnel should \nhave access to the incident database. Incident communications (e.g., emails) and documents should be \nencrypted or otherwise protected so that only authorized personnel can read them.']"," Guideline 1: In the event of a phishing-related data breach, immediately report it to the Anti-Phishing Working Group (APWG) for further investigation and support. Their website is http://www.antiphishing.org/

Guideline 2: Isolate affected systems, accounts, or networks to prevent the spread of the phishing attack and minimize potential damage.

Guideline 3: Implement appropriate encryption methods for incident communications and documents related to the data breach, ensuring that only authorized personnel can access them. This includes email correspondence and any relevant documentation.",0.8,0.7862200768297987,0.8564118,0.8045497,0.8296711
What are best practices for email authentication in enterprises?,What are best practices for email authentication in enterprises?,"['associated certiﬁcate authentication protocols. Recommendations for email content security \ninclude the encryption and authentication of message content using S/MIME \n(Secure/Multipurpose Internet Mail Extensions) and associated certiﬁcate and key distribution \nprotocols. \nKeywords \nEmail; Simple Mail Transfer Protocol (SMTP); Transport Layer Security (TLS); Sender Policy \nFramework (SPF); Domain Keys Identiﬁed Mail (DKIM); Domain based Message', 'medium sized organizations. Technologies recommended in support of core Simple Mail \nTransfer Protocol (SMTP) and the Domain Name System (DNS) include mechanisms for \nauthenticating a sending domain: Sender Policy Framework (SPF), Domain Keys Identiﬁed Mail \n(DKIM) and Domain based Message Authentication, Reporting and Conformance (DMARC). \nRecommendations for email transmission security include Transport Layer Security (TLS) and', 'systems.  \nJustification: Email systems should deploy security protocols to protect the integrity of email \nmessages and the confidentially of messages in transit.  For integrity protection, email systems \nshould use DKIM (see Section 4.5) and/or S/MIME digital signatures (see Section 5.3) when \nsending messages.  For confidentiality, email systems should use SMTP over TLS (see Section \n5.2).  \n \nSC-23 SESSION AUTHENTICITY']"," Guideline 1: Implement Sender Policy Framework (SPF) to verify the authenticity of the sending domain by configuring DNS records that specify which mail servers are authorized to send emails on behalf of the domain.

Guideline 2: Utilize Domain Keys Identified Mail (DKIM) to encrypt and authenticate email messages, ensuring that the content hasn't been altered during transmission, by applying digital signatures to outgoing emails.

Guideline 3: Employ Transport Layer Security (TLS) when sending emails for secure communication by configuring SMTP servers to use TLS encryption, thus protecting the confidentiality of messages in transit.",1.0,0.7173194406764262,0.8595351,0.80267334,0.83013165
How can organizations train employees to recognize phishing?,How can organizations train employees to recognize phishing?,"['rewards for the perpetrator is greater. \n�e most common countermeasures used against phishing are domain-based checks such as SPF, \nDKIM and DMARC (see Section 4). More elaborate is to design anti-phishing ﬁlters that can \ndetect text commonly used in phishing emails, recovering hidden text in images, intelligent word \nrecognition – detecting cursive, hand-written, rotated or distorted texts as well as the ability to', 'access to credit cards and bank accounts of the victim etc. Adversaries use a variety of tactics to \nmake the recipient of the email believe that they have received the phishing email from a \nlegitimate user or a legitimate domain, including: \n• Using a message-From: address that looks very close to one of the legitimate addresses \nthe user is familiar with or from someone claiming to be an authority (IT administrator,', 'importance or a relevant matter at the organization—for instance, discussing payroll \ndiscrepancies or a legal matter. As in phishing, the ultimate motive is the same—to lure the \nrecipient to an adversary-controlled website masquerading as a legitimate website to collect \nsensitive information about the victim or attack the victim’s computer. \n�ere are two minor variations of phishing: clone phishing and whaling. Clone phishing is the']"," Guideline 1: Conduct regular training sessions on phishing awareness, educating employees about common tactics used by adversaries, such as using familiar message-From addresses and discussing important matters at the organization.

Guideline 2: Encourage employees to verify the authenticity of emails before clicking on links or providing sensitive information. This can be done by checking for minor inconsistencies, like misspellings or unusual requests, and verifying through separate communication channels with the sender.

Guideline 3: Teach employees to be cautious when opening email attachments or downloading files from unknown sources. Emphasize the importance of scanning attachments with antivirus software before opening them. Additionally, educate employees about the risks associated with opening emails that seem too good to be true, such as offers of large rewards or prizes.",0.8571428571428571,0.6271045915459891,0.83457136,0.8056904,0.8198766
What role does SPF play in email security?,What role does SPF play in email security?,"['be plug-ins available for a particular Mail User Agent so end users can perform SPF checks even \nif their incoming mail server does not. \nAs mentioned above, SPF uses the envelope-From: address domain-part and the IP address of the \nsender. �is means that SPF checks can be started before the actual text of the email message is \nreceived. Alternatively, messages can be quickly received and held in quarantine until all the', 'and integrity.  \n4.8 Recommendation Summary \nSecurity Recommendation 4-1: Organizations are recommended to deploy SPF to specify \nwhich IP addresses are authorized to transmit email on behalf of the domain. Domains controlled \nby an organization that are not used to send email, for example Web only domains, should \ninclude an SPF RR with the policy indicating that there are no valid email senders for the given \ndomain.', 'made, tested, and conﬁrmed to be correct. \n4.4.4 Considerations for SPF when Using Cloud Services or Contracted Services \nWhen an organization outsources its email service (whole or part) to a third party such as a cloud \nprovider or contracted email service, that organization needs to make sure any email sent by \nthose third parties will pass SPF checks. To do this, the enterprise administrator should include']"," Guideline 1: Implement SPF (Sender Policy Framework) to specify which IP addresses are authorized to send emails on behalf of your domain, ensuring only legitimate emails are transmitted.

Guideline 2: For domains not used to send email (such as web-only domains), set an SPF policy indicating that there are no valid email senders for the given domain to prevent unauthorized email transmission.

Guideline 3: When outsourcing email services to a third party, ensure that the service passes SPF checks by including the third-party IP addresses in your SPF records or working with the provider to have their IP addresses included in your SPF policy. This helps maintain email authenticity and protects against phishing attempts and domain spoofing.",1.0,0.7206370354552695,0.88401353,0.83046263,0.8564018
How should a mid-sized enterprise handle a ransomware attack initiated by phishing?,How should a mid-sized enterprise handle a ransomware attack initiated by phishing?,"['COMPUTER SECURITY INCIDENT HANDLING GUIDE \n63 \nAppendix E—Resources \nThe lists below provide examples of resources that may be helpful in establishing and maintaining an \nincident response capability. \nIncident Response Organizations \nOrganization URL \nAnti-Phishing Working Group (APWG) http://www.antiphishing.org/  \nComputer Crime and Intellectual Property Section (CCIPS), U.S. \nDepartment of Justice \nhttp://www.cybercrime.gov/', 'COMPUTER SECURITY INCIDENT HANDLING GUIDE \n54 \norganization has already incurred widespread infections before antivirus signatures become available \nseveral hours after the worm started to spread. \nThe following are additional questions for this scenario: \n1. How would the incident response team identify all infected hosts? \n2. How would the organization attempt to prevent the worm from entering the organization before \nantivirus signatures were released?', 'access to credit cards and bank accounts of the victim etc. Adversaries use a variety of tactics to \nmake the recipient of the email believe that they have received the phishing email from a \nlegitimate user or a legitimate domain, including: \n• Using a message-From: address that looks very close to one of the legitimate addresses \nthe user is familiar with or from someone claiming to be an authority (IT administrator,']"," Guideline 1: Immediate Response - The incident response team should initiate an investigation as soon as the ransomware attack is detected, following the guidelines outlined in the Computer Security Incident Handling Guide.

Guideline 2: Identify Affected Systems - To identify all infected hosts during a ransomware attack initiated by phishing, the team can use network and endpoint detection tools to scan for unusual behavior or changes indicative of a ransomware infection.

Guideline 3: Preventive Measures - In order to prevent phishing attacks from entering the organization before antivirus signatures are released, the enterprise should implement multi-factor authentication (MFA), educate employees about common phishing tactics, and utilize email filters or spam protection services to help block suspicious emails. Additionally, regular updates of anti-virus software and system patches can provide better protection against known and emerging threats. Furthermore, it would be beneficial for the organization to consider joining organizations like Anti-Phishing Working Group (APWG) for ongoing support and resources in incident response efforts.",1.0,0.8467067048412996,0.84851557,0.8076849,0.82759696
What are the indicators of compromise in a phishing attack?,What are the indicators of compromise in a phishing attack?,"['access to credit cards and bank accounts of the victim etc. Adversaries use a variety of tactics to \nmake the recipient of the email believe that they have received the phishing email from a \nlegitimate user or a legitimate domain, including: \n• Using a message-From: address that looks very close to one of the legitimate addresses \nthe user is familiar with or from someone claiming to be an authority (IT administrator,', 'rewards for the perpetrator is greater. \n�e most common countermeasures used against phishing are domain-based checks such as SPF, \nDKIM and DMARC (see Section 4). More elaborate is to design anti-phishing ﬁlters that can \ndetect text commonly used in phishing emails, recovering hidden text in images, intelligent word \nrecognition – detecting cursive, hand-written, rotated or distorted texts as well as the ability to', 'ﬁnds that the sign-in page, logos and graphics are identical to the legitimate website in the \nadversary-controlled website, thereby creating the trust necessary to make the recipient submit \nthe required information such as user ID and the password. Some attackers use web pages to \ndeliver malware directly to the victim’s web browser. \nIn many instances, the phishing emails are generated in thousands without focus on proﬁle of the']"," Guideline 1: Analyze the email's sender address for inconsistencies, especially if it slightly deviates from a known legitimate address or claims to be from an authority figure like an IT administrator.

Guideline 2: Investigate the content of the email for common phishing tactics such as requests for personal information (e.g., user ID, password), text that is commonly used in phishing emails, hidden text in images, and signs of poor grammar or unprofessional language.

Guideline 3: Examine the sign-in page, logos, and graphics for inconsistencies with the legitimate website. If they appear identical to the legitimate website but lead to an adversary-controlled website, it could be a phishing attack. Also, watch out for emails that deliver malware directly to the victim's web browser.

If these indicators are present, take immediate actions to secure affected accounts and alert the relevant authorities or organization about the potential phishing attack.",1.0,0.6347391260883827,0.8588683,0.82565,0.8419315
